<?xml version="1.0" encoding="UTF-8"?>
<feed xmlns="http://www.w3.org/2005/Atom">
  <id>info:fedora/qucosa:1</id>
  <title type="text">Qucosa Demo Object</title>
  <updated>2014-11-18T10:18:31.794Z</updated>
  <author>
    <name>qucosa</name>
  </author>
  <category term="Inactive" scheme="info:fedora/fedora-system:def/model#state"></category>
  <category term="2014-11-17T17:18:21.896Z" scheme="info:fedora/fedora-system:def/model#createdDate"></category>
  <icon>http://www.fedora-commons.org/images/logo_vertical_transparent_200_251.png</icon>
  <entry>
    <id>info:fedora/qucosa:1/DC</id>
    <title type="text">DC</title>
    <updated>2014-11-18T10:18:09.710Z</updated>
    <link href="info:fedora/qucosa:1/DC/2014-11-18T10:18:09.710Z" rel="alternate"></link>
    <category term="A" scheme="info:fedora/fedora-system:def/model#state"></category>
    <category term="X" scheme="info:fedora/fedora-system:def/model#controlGroup"></category>
    <category term="false" scheme="info:fedora/fedora-system:def/model#versionable"></category>
  </entry>
  <entry xmlns:thr="http://purl.org/syndication/thread/1.0">
    <id>info:fedora/qucosa:1/DC/2014-11-17T17:18:21.896Z</id>
    <title type="text">DC1.0</title>
    <updated>2014-11-17T17:18:21.896Z</updated>
    <thr:in-reply-to ref="info:fedora/qucosa:1/DC"></thr:in-reply-to>
    <category term="http://www.openarchives.org/OAI/2.0/oai_dc/" scheme="info:fedora/fedora-system:def/model#formatURI"></category>
    <category term="Dublin Core Record for this object" scheme="info:fedora/fedora-system:def/model#label"></category>
    <category term="379" scheme="info:fedora/fedora-system:def/model#length"></category>
    <summary type="text">DC1.0</summary>
    <content type="text/xml" src="DC1.0.xml"></content>
  </entry>
  <entry>
    <id>info:fedora/qucosa:1/RELS-EXT</id>
    <title type="text">RELS-EXT</title>
    <updated>2014-11-18T10:18:17.704Z</updated>
    <link href="info:fedora/qucosa:1/RELS-EXT/2014-11-18T10:18:17.704Z" rel="alternate"></link>
    <category term="A" scheme="info:fedora/fedora-system:def/model#state"></category>
    <category term="X" scheme="info:fedora/fedora-system:def/model#controlGroup"></category>
    <category term="false" scheme="info:fedora/fedora-system:def/model#versionable"></category>
  </entry>
  <entry xmlns:thr="http://purl.org/syndication/thread/1.0">
    <id>info:fedora/qucosa:1/RELS-EXT/2014-11-17T17:26:16.554Z</id>
    <title type="text">RELS-EXT.0</title>
    <updated>2014-11-17T17:26:16.554Z</updated>
    <thr:in-reply-to ref="info:fedora/qucosa:1/RELS-EXT"></thr:in-reply-to>
    <category term="info:fedora/fedora-system:FedoraRELSExt-1.0" scheme="info:fedora/fedora-system:def/model#formatURI"></category>
    <category term="RDF Statements about this object" scheme="info:fedora/fedora-system:def/model#label"></category>
    <category term="437" scheme="info:fedora/fedora-system:def/model#length"></category>
    <summary type="text">RELS-EXT.0</summary>
    <content type="application/rdf+xml" src="RELS-EXT.0.xml"></content>
  </entry>
  <entry>
    <id>info:fedora/qucosa:1/ATT-1</id>
    <title type="text">ATT-1</title>
    <updated>2014-11-18T10:18:24.317Z</updated>
    <link href="info:fedora/qucosa:1/ATT-1/2014-11-18T10:18:24.317Z" rel="alternate"></link>
    <category term="A" scheme="info:fedora/fedora-system:def/model#state"></category>
    <category term="M" scheme="info:fedora/fedora-system:def/model#controlGroup"></category>
    <category term="false" scheme="info:fedora/fedora-system:def/model#versionable"></category>
  </entry>
  <entry xmlns:thr="http://purl.org/syndication/thread/1.0">
    <id>info:fedora/qucosa:1/ATT-1/2014-11-17T17:30:28.593Z</id>
    <title type="text">ATT-1.0</title>
    <updated>2014-11-17T17:30:28.593Z</updated>
    <thr:in-reply-to ref="info:fedora/qucosa:1/ATT-1"></thr:in-reply-to>
    <category term="Attachment" scheme="info:fedora/fedora-system:def/model#label"></category>
    <category term="855199" scheme="info:fedora/fedora-system:def/model#length"></category>
    <summary type="text">ATT-1.0</summary>
    <content type="application/pdf" src="ATT-1.0.pdf"></content>
  </entry>
  <entry>
    <id>info:fedora/qucosa:1/MODS</id>
    <title type="text">MODS</title>
    <updated>2014-11-18T10:18:31.794Z</updated>
    <link href="info:fedora/qucosa:1/MODS/2014-11-18T10:18:31.794Z" rel="alternate"></link>
    <category term="A" scheme="info:fedora/fedora-system:def/model#state"></category>
    <category term="X" scheme="info:fedora/fedora-system:def/model#controlGroup"></category>
    <category term="false" scheme="info:fedora/fedora-system:def/model#versionable"></category>
  </entry>
  <entry xmlns:thr="http://purl.org/syndication/thread/1.0">
    <id>info:fedora/qucosa:1/MODS/2014-11-17T18:07:12.568Z</id>
    <title type="text">MODS.0</title>
    <updated>2014-11-17T18:07:12.568Z</updated>
    <thr:in-reply-to ref="info:fedora/qucosa:1/MODS"></thr:in-reply-to>
    <category term="Object Bibliographic Metadata" scheme="info:fedora/fedora-system:def/model#label"></category>
    <category term="3371" scheme="info:fedora/fedora-system:def/model#length"></category>
    <summary type="text">MODS.0</summary>
    <content type="application/mods+xml" src="MODS.0.xml"></content>
  </entry>
  <entry>
    <id>info:fedora/qucosa:1/SLUB-INFO</id>
    <title type="text">SLUB-INFO</title>
    <updated>2014-11-26T14:07:10.563Z</updated>
    <link href="info:fedora/qucosa:1/SLUB-INFO/2014-11-26T14:07:10.563Z" rel="alternate"></link>
    <category term="A" scheme="info:fedora/fedora-system:def/model#state"></category>
    <category term="X" scheme="info:fedora/fedora-system:def/model#controlGroup"></category>
    <category term="false" scheme="info:fedora/fedora-system:def/model#versionable"></category>
  </entry>
  <entry xmlns:thr="http://purl.org/syndication/thread/1.0">
    <id>info:fedora/qucosa:1/SLUB-INFO/2014-11-26T14:07:10.563Z</id>
    <title type="text">SLUB-INFO.0</title>
    <updated>2014-11-26T14:07:10.563Z</updated>
    <thr:in-reply-to ref="info:fedora/qucosa:1/SLUB-INFO"></thr:in-reply-to>
    <category term="SLUB Administrative Metadata" scheme="info:fedora/fedora-system:def/model#label"></category>
    <category term="565" scheme="info:fedora/fedora-system:def/model#length"></category>
    <summary type="text">SLUB-INFO.0</summary>
    <content type="application/vnd.slub-info+xml" src="SLUB-INFO.0.xml"></content>
  </entry>
</feed>
