
<slub:info xmlns:slub="http://slub-dresden.de/">
  
  <slub:submitter>
    <slub:name>Frau Administrator</slub:name>
    <slub:contact>mailto:qucosa.admin@slub-dresden.de</slub:contact>
  </slub:submitter>
  
  <slub:project>OpenAire Project Name</slub:project>
  <slub:client>Mandant</slub:client>
  <slub:rights>
    <slub:license valueURI="URI der Lizenz">Lizenzangabe</slub:license>
    <slub:embargo encoding="iso8601">2014-11-26</slub:embargo>
    <slub:accessDNB>true</slub:accessDNB>
    <slub:accessPOD>true</slub:accessPOD>
  </slub:rights>
</slub:info>
